{"stat.chestOpened":21,"stat.useItem.minecraft.command_block":1,"stat.useItem.minecraft.splash_potion":3,"stat.walkOneCm":38113,"stat.pickup.minecraft.sign":1,"stat.pickup.minecraft.wooden_axe":1,"stat.leaveGame":57,"stat.pickup.minecraft.log":1,"stat.jump":1004,"stat.crouchOneCm":10819,"stat.useItem.minecraft.written_book":17,"stat.sprintOneCm":96022,"stat.useItem.minecraft.stone_slab2":234,"stat.pickup.minecraft.sand":1,"stat.pickup.minecraft.splash_potion":1,"stat.damageTaken":310,"stat.pickup.minecraft.planks":1,"stat.flyOneCm":388276,"stat.deaths":1,"stat.useItem.minecraft.writable_book":5,"stat.playOneMinute":678646,"stat.pickup.minecraft.stone_button":1,"stat.sneakTime":4813,"stat.damageDealt":20,"stat.timeSinceDeath":475009,"stat.pickup.minecraft.chest":1}